{"id":"d7118c92-dc40-4207-a253-e88213253234","name":"dark blue frozen ice walls with crystalline formations → light blue frost-covered ice blocks with icicles","lower_description":"dark blue frozen ice walls with crystalline formations","upper_description":"light blue frost-covered ice blocks with icicles","transition_description":"frosty ice edge with snow","tile_size":{"width":16,"height":16},"transition_size":0.5,"view":"high top-down","style_settings":{"detail":"","outline":"","shading":""},"generation_parameters":{"tile_strength":1.0,"tileset_adherence":100.0,"text_guidance_scale":8.0,"tileset_adherence_freedom":500},"base_tile_ids":{"lower":"2e6ee4c0-c005-4dc7-ac3e-01198b0a9a3e","upper":"a7e1656d-1ccb-4285-bd1d-e20d5d65092a"},"tileset_data":{"tiles":[{"id":"d57c2559-b93b-48dd-bd9c-38511ea9ca39","name":"wang_13","corners":{"NE":"upper","NW":"upper","SE":"upper","SW":"lower"},"pattern_4x4":{"row_0":[255,255,255,255],"row_1":[255,1,1,255],"row_2":[255,1,0,255],"row_3":[255,255,255,255]},"original_position":{"col":2,"row":4},"bounding_box":{"x":0,"y":0,"width":16,"height":16}},{"id":"b03fa62c-fd0f-4e9b-bd9b-a5f3fdf05dee","name":"wang_10","corners":{"NE":"lower","NW":"upper","SE":"lower","SW":"upper"},"pattern_4x4":{"row_0":[255,255,255,255],"row_1":[255,0,0,255],"row_2":[255,1,0,255],"row_3":[255,255,255,255]},"original_position":{"col":6,"row":2},"bounding_box":{"x":16,"y":0,"width":16,"height":16}},{"id":"0eaa9208-8883-4474-9293-4a9c5eefda42","name":"wang_4","corners":{"NE":"upper","NW":"lower","SE":"lower","SW":"lower"},"pattern_4x4":{"row_0":[255,255,255,255],"row_1":[255,0,1,255],"row_2":[255,1,0,255],"row_3":[255,255,255,255]},"original_position":{"col":1,"row":4},"bounding_box":{"x":32,"y":0,"width":16,"height":16}},{"id":"caf85025-e199-40c0-b4a4-ff839218ed4f","name":"wang_12","corners":{"NE":"upper","NW":"upper","SE":"lower","SW":"lower"},"pattern_4x4":{"row_0":[255,255,255,255],"row_1":[255,1,1,255],"row_2":[255,1,1,255],"row_3":[255,255,255,255]},"original_position":{"col":5,"row":3},"bounding_box":{"x":48,"y":0,"width":16,"height":16}},{"id":"e10b36ae-6814-40d0-86d7-acb419557aff","name":"wang_6","corners":{"NE":"upper","NW":"lower","SE":"lower","SW":"upper"},"pattern_4x4":{"row_0":[255,255,255,255],"row_1":[255,0,0,255],"row_2":[255,0,0,255],"row_3":[255,255,255,255]},"original_position":{"col":2,"row":5},"bounding_box":{"x":0,"y":16,"width":16,"height":16}},{"id":"d5597d47-8dc9-4da3-ae26-90097e8adf25","name":"wang_8","corners":{"NE":"lower","NW":"upper","SE":"lower","SW":"lower"},"pattern_4x4":{"row_0":[255,255,255,255],"row_1":[255,1,0,255],"row_2":[255,1,1,255],"row_3":[255,255,255,255]},"original_position":{"col":6,"row":3},"bounding_box":{"x":16,"y":16,"width":16,"height":16}},{"id":"2e6ee4c0-c005-4dc7-ac3e-01198b0a9a3e","name":"wang_0","corners":{"NE":"lower","NW":"lower","SE":"lower","SW":"lower"},"pattern_4x4":{"row_0":[255,255,255,255],"row_1":[255,1,1,255],"row_2":[255,0,1,255],"row_3":[255,255,255,255]},"original_position":{"col":3,"row":6},"bounding_box":{"x":32,"y":16,"width":16,"height":16}},{"id":"71151e5a-a9a9-4d59-8aa1-f25b4452b4e6","name":"wang_1","corners":{"NE":"lower","NW":"lower","SE":"upper","SW":"lower"},"pattern_4x4":{"row_0":[255,255,255,255],"row_1":[255,1,0,255],"row_2":[255,1,0,255],"row_3":[255,255,255,255]},"original_position":{"col":1,"row":1},"bounding_box":{"x":48,"y":16,"width":16,"height":16}},{"id":"a4f35bc8-dcaa-4950-977f-43c018d77c93","name":"wang_11","corners":{"NE":"lower","NW":"upper","SE":"upper","SW":"upper"},"pattern_4x4":{"row_0":[255,255,255,255],"row_1":[255,0,1,255],"row_2":[255,0,1,255],"row_3":[255,255,255,255]},"original_position":{"col":3,"row":2},"bounding_box":{"x":0,"y":32,"width":16,"height":16}},{"id":"86310cb2-8b42-444f-9ca5-e729167dcaf2","name":"wang_3","corners":{"NE":"lower","NW":"lower","SE":"upper","SW":"upper"},"pattern_4x4":{"row_0":[255,255,255,255],"row_1":[255,1,1,255],"row_2":[255,0,0,255],"row_3":[255,255,255,255]},"original_position":{"col":2,"row":1},"bounding_box":{"x":16,"y":32,"width":16,"height":16}},{"id":"ad739816-e25e-4841-a9ab-585386faf997","name":"wang_2","corners":{"NE":"lower","NW":"lower","SE":"lower","SW":"upper"},"pattern_4x4":{"row_0":[255,255,255,255],"row_1":[255,0,1,255],"row_2":[255,0,0,255],"row_3":[255,255,255,255]},"original_position":{"col":3,"row":1},"bounding_box":{"x":32,"y":32,"width":16,"height":16}},{"id":"e84f70d6-fed5-48e4-aa56-3906e1535fb3","name":"wang_5","corners":{"NE":"upper","NW":"lower","SE":"upper","SW":"lower"},"pattern_4x4":{"row_0":[255,255,255,255],"row_1":[255,1,0,255],"row_2":[255,0,0,255],"row_3":[255,255,255,255]},"original_position":{"col":1,"row":2},"bounding_box":{"x":48,"y":32,"width":16,"height":16}},{"id":"a7e1656d-1ccb-4285-bd1d-e20d5d65092a","name":"wang_15","corners":{"NE":"upper","NW":"upper","SE":"upper","SW":"upper"},"pattern_4x4":{"row_0":[255,255,255,255],"row_1":[255,0,1,255],"row_2":[255,1,1,255],"row_3":[255,255,255,255]},"original_position":{"col":2,"row":2},"bounding_box":{"x":0,"y":48,"width":16,"height":16}},{"id":"64133d87-11ba-4aa9-b5f9-2220866125d2","name":"wang_14","corners":{"NE":"upper","NW":"upper","SE":"lower","SW":"upper"},"pattern_4x4":{"row_0":[255,255,255,255],"row_1":[255,1,0,255],"row_2":[255,0,1,255],"row_3":[255,255,255,255]},"original_position":{"col":4,"row":3},"bounding_box":{"x":16,"y":48,"width":16,"height":16}},{"id":"bd9aa2a5-ed8a-435a-8eb8-75327ea31216","name":"wang_9","corners":{"NE":"lower","NW":"upper","SE":"upper","SW":"lower"},"pattern_4x4":{"row_0":[255,255,255,255],"row_1":[255,0,0,255],"row_2":[255,1,1,255],"row_3":[255,255,255,255]},"original_position":{"col":4,"row":4},"bounding_box":{"x":32,"y":48,"width":16,"height":16}},{"id":"cc7c7eaa-bfe7-4f5f-b6cd-2ac0a61998fd","name":"wang_7","corners":{"NE":"upper","NW":"lower","SE":"upper","SW":"upper"},"pattern_4x4":{"row_0":[255,255,255,255],"row_1":[255,0,0,255],"row_2":[255,0,1,255],"row_3":[255,255,255,255]},"original_position":{"col":4,"row":2},"bounding_box":{"x":48,"y":48,"width":16,"height":16}}],"tile_size":{"width":16,"height":16},"total_tiles":16,"terrain_types":["lower","upper"]},"metadata":{"terrain_prompts":{"lower":"dark blue frozen ice walls with crystalline formations","upper":"light blue frost-covered ice blocks with icicles","transition":"frosty ice edge with snow"}},"created_at":"2025-11-13T23:03:06.188791+00:00","format":"tileset15","layout":{"type":"tileset15","description":"4x4 grid of 16 unique Wang tiles","grid_size":{"width":4,"height":4},"tile_count":16},"pattern_system":{"type":"4x4_wildcard","description":"4×4 patterns with wildcards for flexible tile matching","wildcard_value":255,"pattern_layout":{"description":"4×4 grid where center 2×2 matches tile corners, outer ring uses wildcards","example":{"row_0":"All wildcards (*)","row_1":"Wildcard + NW corner + NE corner + Wildcard","row_2":"Wildcard + SW corner + SE corner + Wildcard","row_3":"All wildcards (*)"}},"terrain_encoding":{"lower":0,"upper":1,"wildcard":255},"usage":{"description":"Sample 4×4 terrain around tile position, encode as pattern key, lookup in cache","benefits":["O(1) lookup performance","Flexible edge matching","Unified pattern system"]}},"tileset_image":{"filename":"tileset_d7118c92-dc40-4207-a253-e88213253234.png","format":"PNG","dimensions":{"width":64,"height":64}}}